Codigo,Nombre,Nombre_Completo,Coseguro_Consulta,Coseguro_Practica,Valor_Consulta_Raw,Valor_Base,Valor_Especialista,Incluye_IVA,Observaciones,Arancel_Compensatorio,Estado,Motivo_Sin_Atencion,Publicacion_Origen
959,AMSTERDAM SALUD,AMSTERDAM SALUD,1500,15 % valor practica,27000/27000,27000.0,27000.0,False,,,Activa,,Estado de Obras Sociales &#8211; Agosto (actualizado al 20-08-2026)
18,AMUR EXENTO,ASOCIACIÓN MUTUAL RURALISTA,,,28500/28500,28500.0,28500.0,False,Afil. Exento,,Activa,,Estado de Obras Sociales &#8211; Agosto (actualizado al 20-08-2026)
909,AMUR GRAVADO,ASOCIACIÓN MUTUAL RURALISTA,,,28500 + iva,28500.0,28500.0,True,Afil. Gravado,,Activa,,Estado de Obras Sociales &#8211; Agosto (actualizado al 20-08-2026)
938,ANDAR - OSVVRA ITER,O.S VIAJANTES Y VENDEDORES DE LA REP. ARGENTINA,Según orden,Impreso en orden,23000/23000,23000.0,23000.0,False,Gerencia ITER,"$ 3.000,00",Activa,,Estado de Obras Sociales &#8211; Agosto (actualizado al 20-08-2026)
13,APM,AGENTES DE PROPAGANDAS MEDICAS,,,22540/27000,22540.0,27000.0,False,,,Activa,,Estado de Obras Sociales &#8211; Agosto (actualizado al 20-08-2026)
20,AVALIAN - AFILIADOS EXENTOS,AVALIAN,,,29000/29000,29000.0,29000.0,False,ver en instructivo planes habilitados,,Activa,,Estado de Obras Sociales &#8211; Agosto (actualizado al 20-08-2026)
891,AVALIAN - AFILIADOS GRAVADOS,AVALIAN,,,29000 + Iva,29000.0,29000.0,True,ver en instructivo planes habilitados,,Activa,,Estado de Obras Sociales &#8211; Agosto (actualizado al 20-08-2026)
331,CAJA NOTARIAL,CAJA NOTARIAL,6500,20 % valor practica,30000/30000,30000.0,30000.0,False,coseguro tambien en cirugías,,Activa,,Estado de Obras Sociales &#8211; Agosto (actualizado al 20-08-2026)
332,CAJA NOTARIAL MED. PREVENTIVA,CAJA NOTARIAL MEDICINA PREVENTIVA,,,30000/30000,30000.0,30000.0,False,100% a cargo O.Social,,Activa,,Estado de Obras Sociales &#8211; Agosto (actualizado al 20-08-2026)
765,CIAS ECONOMICAS 100%,CONSEJO PROF. DE CIENCIAS ECONÓMICAS,,,30000/30000,30000.0,30000.0,False,100% a cargo O.Social,,Activa,,Estado de Obras Sociales &#8211; Agosto (actualizado al 20-08-2026)
729,CIAS. ECONOMICAS,CONSEJO PROF. DE CIENCIAS ECONÓMICAS,6500,20 % valor practica,30000/30000,30000.0,30000.0,False,20% a cargo del afiliado,,Activa,,Estado de Obras Sociales &#8211; Agosto (actualizado al 20-08-2026)
915,COMFYE,COMFYE SRL,,,25842/31000,25842.0,31000.0,False,,,Activa,,Estado de Obras Sociales &#8211; Agosto (actualizado al 20-08-2026)
933,CONFERENCIA EPISCOPAL,CONFERENCIA EPISCOPAL ARGENTINA,,,28712/30842,28712.0,30842.0,False,,,Activa,,Estado de Obras Sociales &#8211; Agosto (actualizado al 20-08-2026)
345,DASUTEN,DIRECCIÓN DE ACCIÓN SOCIAL DE LA UTN,,,27648/27648,27648.0,27648.0,False,,,Activa,,Estado de Obras Sociales &#8211; Agosto (actualizado al 20-08-2026)
31,FARMACIA - OSPF,O.S PERSONAL DE FARMACIA,Según orden,Impreso en orden,26500/26500,26500.0,26500.0,False,,,Activa,,Estado de Obras Sociales &#8211; Agosto (actualizado al 20-08-2026)
50,FEDERADA SALUD,FEDERADA SALUD,2000,,29000/29000,29000.0,29000.0,False,,,Activa,,Estado de Obras Sociales &#8211; Agosto (actualizado al 20-08-2026)
902,FUTBOLISTAS,FUTBOLISTAS,,,23943/28000,23943.0,28000.0,False,,,Activa,,Estado de Obras Sociales &#8211; Agosto (actualizado al 20-08-2026)
6,GERDANNA SALUD,GERDANNA SALUD,7000,,23601/28000,23601.0,28000.0,False,,,Activa,,Estado de Obras Sociales &#8211; Agosto (actualizado al 20-08-2026)
900,INTEGRAL SALUD,INTEGRAL SALUD - PLANES ARRAYAN-ROBLE,3000/5000,No,24137/26322,24137.0,26322.0,False,Plan ROBLE sin coseguro,,Activa,,Estado de Obras Sociales &#8211; Agosto (actualizado al 20-08-2026)
948,INTEGRAL SALUD CEIBO,INTEGRAL SALUD - PLAN CEIBO,3000/5000,No,24137/26322,24137.0,26322.0,False,Aclarar plan en RP,,Activa,,Estado de Obras Sociales &#8211; Agosto (actualizado al 20-08-2026)
326,INTEGRAL SALUD - OSSIMRA,INTEGRAL SALUD OSSIMRA -PLAN ALAMO/PLUS,3000,Impreso en orden,28000/28000,28000.0,28000.0,False,Aclarar plan en RP,,Activa,,Estado de Obras Sociales &#8211; Agosto (actualizado al 20-08-2026)
963,JARDINEROS ENSALUD,"JARDINEROS, PARQUISTAS Y FLORICULTORES DE REP. AR",G10000/15000,BC($10000)MC($15000)AC($20000),25592/27718,25592.0,27718.0,False,Coseg. X complejidad,,Activa,,Estado de Obras Sociales &#8211; Agosto (actualizado al 20-08-2026)
330,JERARQUICOS SALUD,OS. JERÁRQUICOS DE BANCOS,,,28500/28500,28500.0,28500.0,False,Plan PMO sin convenio,,Activa,,Estado de Obras Sociales &#8211; Agosto (actualizado al 20-08-2026)
96,LUIS PASTEUR,LUIS PASTEUR,,,22389/27091,22389.0,27091.0,False,,,Activa,,Estado de Obras Sociales &#8211; Agosto (actualizado al 20-08-2026)
882,MEDICUS,MEDICUS,,,30000/30000,30000.0,30000.0,False,Aclarar plan en RP,,Activa,,Estado de Obras Sociales &#8211; Agosto (actualizado al 20-08-2026)
894,MEDICUS PLAN MS1,MEDICUS PLAN MS1,20000,Consultar en nuestra web,27000/27000,27000.0,27000.0,False,Aclarar plan en RP,,Activa,,Estado de Obras Sociales &#8211; Agosto (actualizado al 20-08-2026)
895,MEDICUS PLAN MS2,MEDICUS PLAN MS2,,,30000/30000,30000.0,30000.0,False,Aclarar plan en RP,,Activa,,Estado de Obras Sociales &#8211; Agosto (actualizado al 20-08-2026)
838,MEDIFE OBLIGATORIO,MEDIFE,,,30000/30000,30000.0,30000.0,False,Afiliado Obl.,,Activa,,Estado de Obras Sociales &#8211; Agosto (actualizado al 20-08-2026)
839,MEDIFE VOLUNTARIO,MEDIFE,,,30000 + Iva,30000.0,30000.0,True,Afiliado Voluntario,,Activa,,Estado de Obras Sociales &#8211; Agosto (actualizado al 20-08-2026)
843,MOTOCICLISTAS - AAMM,O.S MOTOCICLISTAS,,,25883/31000,25883.0,31000.0,False,,,Activa,,Estado de Obras Sociales &#8211; Agosto (actualizado al 20-08-2026)
35,MOSAISTAS,MOSAISTAS,,,22708/26000,22708.0,26000.0,False,,,Activa,,Estado de Obras Sociales &#8211; Agosto (actualizado al 20-08-2026)
632,NOBIS MEDICAL B200,NOBIS MEDICAL B200,8100,30 % valor practica,29000/29000,29000.0,29000.0,False,Sólo plan B200,,Activa,,Estado de Obras Sociales &#8211; Agosto (actualizado al 20-08-2026)
633,NOBIS MEDICAL,NOBIS MEDICAL,,,29000/29000,29000.0,29000.0,False,,,Activa,,Estado de Obras Sociales &#8211; Agosto (actualizado al 20-08-2026)
876,OMINT,OMINT,,,31500/31500,31500.0,31500.0,False,,,Activa,,Estado de Obras Sociales &#8211; Agosto (actualizado al 20-08-2026)
51,OPDEA,PERS. DE DIREC. DE EMPRESAS ALIMENTICIAS,,,26924/29000,26924.0,29000.0,False,,,Activa,,Estado de Obras Sociales &#8211; Agosto (actualizado al 20-08-2026)
816,OSALARA,OS. AGENTES DE LOTERIAS Y AFINES,,,29281/35500,29281.0,35500.0,False,,,Activa,,Estado de Obras Sociales &#8211; Agosto (actualizado al 20-08-2026)
49,OSAM (MINEROS),OS. ACTIVIDAD MINERA - ITER MEDICINA,Según orden,Impreso en orden,23000/23000,23000.0,23000.0,False,Gerencia ITER,"$ 3.000,00",Activa,,Estado de Obras Sociales &#8211; Agosto (actualizado al 20-08-2026)
781,OSDE PLANILLA,OSDE PLANILLA,,,22265/30000,22265.0,30000.0,False,PLAN 015 S/CONVENIO,,Activa,,Estado de Obras Sociales &#8211; Agosto (actualizado al 20-08-2026)
779,OSDE VALIDADO,OSDE VALIDADO,Ver copago en plan 6 030 orden validada,,22265/30000,22265.0,30000.0,False,PLAN 015 S/CONVENIO,,Activa,,Estado de Obras Sociales &#8211; Agosto (actualizado al 20-08-2026)
64,OSDOP,OS. DOCENTES PARTICULARES-ITER MEDICINA,Según orden,Impreso en orden,23000/23000,23000.0,23000.0,False,Gerencia ITER,"$ 3.000,00",Activa,,Estado de Obras Sociales &#8211; Agosto (actualizado al 20-08-2026)
663,OSEMM,OS EMPLEADOS MARINO MERCANTE,Según orden,Impreso en orden,20751/26000,20751.0,26000.0,False,Imagen Salud,,Activa,,Estado de Obras Sociales &#8211; Agosto (actualizado al 20-08-2026)
898,OSER (ex IOSPER),OSER,Según orden,Impreso en orden,"19188,9",19188.9,19188.9,False,,,Activa,,Estado de Obras Sociales &#8211; Agosto (actualizado al 20-08-2026)
63,OSETYA,OS EMPLEADOS TEXTILES DE LA INDUSTRIA,,,27144/27144,27144.0,27144.0,False,Gerencia SISMED,,Activa,,Estado de Obras Sociales &#8211; Agosto (actualizado al 20-08-2026)
237,OSFATLYF - LUZ Y FUERZA,FED. ARG. DE TRABAJADORES DE LUZ y FUERZA,Según orden,Impreso en orden,27144/27144,27144.0,27144.0,False,,,Activa,,Estado de Obras Sociales &#8211; Agosto (actualizado al 20-08-2026)
911,OSFATUN,OS. TRABAJADORES UNIVERSIDAD NACIONAL,,,18747/21885,18747.0,21885.0,False,,"$ 4.000,00",Activa,,Estado de Obras Sociales &#8211; Agosto (actualizado al 20-08-2026)
814,OSMATA,OS. MECANICOS Y AFINES,Según orden,Impreso en orden,22464/27000,22464.0,27000.0,False,Coseg. sólo plan PMO,,Activa,,Estado de Obras Sociales &#8211; Agosto (actualizado al 20-08-2026)
45,OSPA VIAL,OS. PERSONAL DE LA ACTIVIDAD VIAL,,,27000/27000,27000.0,27000.0,False,,,Activa,,Estado de Obras Sociales &#8211; Agosto (actualizado al 20-08-2026)
908,OSPATCA,TECNICOS DE LA CONSTRUCCIÓN,8000/12000,Según autorización,26500/26500,26500.0,26500.0,False,,,Activa,,Estado de Obras Sociales &#8211; Agosto (actualizado al 20-08-2026)
849,OSPATRONES,OS. PATRONES DE CABOTAJE,Según orden,Impreso en orden,21186/25000,21186.0,25000.0,False,Plan Monotrib. s/convenio,,Activa,,Estado de Obras Sociales &#8211; Agosto (actualizado al 20-08-2026)
110,OSPE UNIMEDICA INTERIOR,RED UNIMEDICA - CIRME - INTERIOR,Según orden,Impreso en orden,25000,25000.0,25000.0,False,,,Activa,,Estado de Obras Sociales &#8211; Agosto (actualizado al 20-08-2026)
912,OSPE UNIMEDICA PARANA,A.M.M.E.R,Según orden,Impreso en orden,25000,25000.0,25000.0,False,,,Activa,,Estado de Obras Sociales &#8211; Agosto (actualizado al 20-08-2026)
881,OSPECON,OS. PERSONAL DE LA CONSTRUCCIÓN,,,20528/25000,20528.0,25000.0,False,,,Activa,,Estado de Obras Sociales &#8211; Agosto (actualizado al 20-08-2026)
743,OSPEDYC,OS.PERSONAL ENTIDADES DEPORTIVAS Y CIVILES,Según orden,Impreso en orden,23410/26000,23410.0,26000.0,False,,,Activa,,Estado de Obras Sociales &#8211; Agosto (actualizado al 20-08-2026)
759,OSPEGAP VISITAR,OS. PETROLEO Y GAS PRIVADO,,,24177/26280,24177.0,26280.0,False,Gerencia Visitar,,Activa,,Estado de Obras Sociales &#8211; Agosto (actualizado al 20-08-2026)
91,OSPERYHRA,O.S PERSONAL EDIFICIOS DE RENTAS Y HORIZONTAL,,,26061/31088,26061.0,31088.0,False,,,Activa,,Estado de Obras Sociales &#8211; Agosto (actualizado al 20-08-2026)
589,OSPES,OS. PERSONAL ESTACIONES DE SERVICIOS,,,22470/27000,22470.0,27000.0,False,,,Activa,,Estado de Obras Sociales &#8211; Agosto (actualizado al 20-08-2026)
338,OSPIA - ITER MEDICINA,PERS. INDUSTRIA DE LA ALIMENTACIÓN,Según orden,Impreso en orden,23000/23000,23000.0,23000.0,False,Gerencia ITER,"$ 3.000,00",Activa,,Estado de Obras Sociales &#8211; Agosto (actualizado al 20-08-2026)
44,OSPICA - OSFGPICYD,PERS. INDUSTRIA DE LA CARNE Y DERIVADOS,Según orden,Impreso en orden,20751/26000,20751.0,26000.0,False,Imagen Salud,,Activa,,Estado de Obras Sociales &#8211; Agosto (actualizado al 20-08-2026)
957,OSPIHMP - ENSALUD,OS PERSONAL DE LA INDUSTRIA DEL HIELO,10000/15000,BC($10000)MC($15000)AC($20000),25592/27718,25592.0,27718.0,False,Coseg. X complejidad,,Activa,,Estado de Obras Sociales &#8211; Agosto (actualizado al 20-08-2026)
55,OSPIL,PERS. INDUSTRIA LECHERA,,,17823/22704,17823.0,22704.0,False,,"$ 4.000,00",Activa,,Estado de Obras Sociales &#8211; Agosto (actualizado al 20-08-2026)
954,OSPIM - ENSALUD,PERSONAL DE LA INDUSTRIA MOLINERA,10000/15000,BC($10000)MC($15000)AC($20000),25592/27718,25592.0,27718.0,False,Coseguro plan Delta. Monotributo s/convenio,,Activa,,Estado de Obras Sociales &#8211; Agosto (actualizado al 20-08-2026)
77,OSPIM MADERAS,PERS. INDUSTRIA DE LA MADERA,7200/11500,Según autorización,22424/26000,22424.0,26000.0,False,,,Activa,,Estado de Obras Sociales &#8211; Agosto (actualizado al 20-08-2026)
942,OSPIP - IND. DEL PLASTICO,INDUSTRIA DEL PLASTICO,7000/11000,BC($2300)MC($4800)AC($12000),20883/25500,20883.0,25500.0,False,Coseg. X complejidad,,Activa,,Estado de Obras Sociales &#8211; Agosto (actualizado al 20-08-2026)
4,OSPLAD ITER MEDICINA,PERS. ACTIVIDAD DOCENTE,Según orden,Impreso en orden,23000/23000,23000.0,23000.0,False,Gerencia ITER,"$ 3.000,00",Activa,,Estado de Obras Sociales &#8211; Agosto (actualizado al 20-08-2026)
46,OSPM - SOMU,PERSONAL MARITIMO,Según orden,Impreso en orden,20749/26000,20749.0,26000.0,False,Imagen Salud,,Activa,,Estado de Obras Sociales &#8211; Agosto (actualizado al 20-08-2026)
260,OSPPCYQ,"PERS. PAPEL, CARTON Y QUIMICOS",Según orden,Impreso en orden,20751/26000,20751.0,26000.0,False,Imagen Salud,,Activa,,Estado de Obras Sociales &#8211; Agosto (actualizado al 20-08-2026)
837,OSPPRA,OS. PERSONAL DE PRENSA,10000/15000,Según autorización,23324/26500,23324.0,26500.0,False,,,Activa,,Estado de Obras Sociales &#8211; Agosto (actualizado al 20-08-2026)
7,OSPRERA,O.S PERSONAL RURAL Y ESTIBADORES R.A,Según orden,Impreso en orden,21718/26500,21718.0,26500.0,False,,,Activa,,Estado de Obras Sociales &#8211; Agosto (actualizado al 20-08-2026)
19,OSPSA,OBRA SOCIAL DEL PERSONAL DE LA SANIDAD,Según orden,No,26000/26000,26000.0,26000.0,False,,,Activa,,Estado de Obras Sociales &#8211; Agosto (actualizado al 20-08-2026)
588,OSPSIP,O.S DE TRAB.DE VIGIL.E INVESTIGADORES PRIVADOS,,,27144/27144,27144.0,27144.0,False,Gerencia SISMED,,Activa,,Estado de Obras Sociales &#8211; Agosto (actualizado al 20-08-2026)
735,OSSACRA,OS. AMAS DE CASA - OSSACRA,,,22943/27500,22943.0,27500.0,False,,,Activa,,Estado de Obras Sociales &#8211; Agosto (actualizado al 20-08-2026)
924,OSSEG - VISITAR,"OS. TRAB. DEL SEGURO (PLAN BASICO, SALUD Y ESPECIAL)",20000,BC($13500)MC($26000)AC($50500),25612/26280,25612.0,26280.0,False,"Aclarar Plan - Coseg. X complejidad. Se cobra coseguro por mas que la orden diga valor ""0""",,Activa,,Estado de Obras Sociales &#8211; Agosto (actualizado al 20-08-2026)
923,OSSEG INTEGRAL,OS. TRABAJADORES DEL SEGURO,,,27400/27400,27400.0,27400.0,False,Sólo plan Integral - Aclarar plan en RP,,Activa,,Estado de Obras Sociales &#8211; Agosto (actualizado al 20-08-2026)
913,OSTCARA,OS. TRABAJADORES DE LA CARNE,Según orden,Impreso en orden,18621/23000,18621.0,23000.0,False,Gerencia ITER,"$ 3.000,00",Activa,,Estado de Obras Sociales &#8211; Agosto (actualizado al 20-08-2026)
861,OSTEP,OS. TRABAJADORES DE ESCUELAS PRIVADAS,,,27144/27144,27144.0,27144.0,False,Gerencia SISMED,,Activa,,Estado de Obras Sociales &#8211; Agosto (actualizado al 20-08-2026)
107,OSTEL - ENSALUD,TRABAJADORES DE LA TELECOMUNICACIÓN,10000/15000,BC($10000)MC($15000)AC($20000),25592/27718,25592.0,27718.0,False,Coseg. X complejidad,,Activa,,Estado de Obras Sociales &#8211; Agosto (actualizado al 20-08-2026)
841,OSTV (NO CONFUNDIR CON SATV),OS. TRABAJADORES VIALES,Según orden,Impreso en orden,20751/26000,20751.0,26000.0,False,Imagen Salud,,Activa,,Estado de Obras Sociales &#8211; Agosto (actualizado al 20-08-2026)
74,OSUNER,OS. UNIVERSIDAD NACIONAL DE ENTRE RÍOS,,,21590/25000,21590.0,25000.0,False,Afiliado sin iva,,Activa,,Estado de Obras Sociales &#8211; Agosto (actualizado al 20-08-2026)
740,OSUNER IVA,OS. UNIVERSIDAD NACIONAL DE ENTRE RÍOS - CON IVA,,,21590/25000+IVA,21590.0,25000.0,True,Afiliado con iva,,Activa,,Estado de Obras Sociales &#8211; Agosto (actualizado al 20-08-2026)
54,OSUOMRA - UOM,UNION OBRERA METALÚRGICA,Según orden,Impreso en orden,19000/22809,19000.0,22809.0,False,,"$ 3.000,00",Activa,,Estado de Obras Sociales &#8211; Agosto (actualizado al 20-08-2026)
822,OSUTHGRA,GASTRONOMICOS,Según orden,Impreso en orden,16583/20008,16583.0,20008.0,False,,"$ 6.000,00",Activa,,Estado de Obras Sociales &#8211; Agosto (actualizado al 20-08-2026)
93,PANADEROS - OSPPYFER,PANADEROS Y FACTUREROS DE ENTRE RIOS,,,23399/27040,23399.0,27040.0,False,,,Activa,,Estado de Obras Sociales &#8211; Agosto (actualizado al 20-08-2026)
583,PASTELEROS-ELEVAR,PASTELEROS - O.S.T.P.C.H.Y.A.R.A,,,24141/27000,24141.0,27000.0,False,,,Activa,,Estado de Obras Sociales &#8211; Agosto (actualizado al 20-08-2026)
58,PODER JUDICIAL,PODER JUDICIAL,,,29206/34000,29206.0,34000.0,False,,,Activa,,Estado de Obras Sociales &#8211; Agosto (actualizado al 20-08-2026)
59,POLICIA FEDERAL,POLICIA FEDERAL,,,21927/26000,21927.0,26000.0,False,,,Activa,,Estado de Obras Sociales &#8211; Agosto (actualizado al 20-08-2026)
401,PREVENCION SALUD,PREVENCION SALUD,Plan ON DEMAND c/coseguro y orden validada,,30000/30000,30000.0,30000.0,False,Plan Basico sin convenio,,Activa,,Estado de Obras Sociales &#8211; Agosto (actualizado al 20-08-2026)
602,SADAIC,SADAIC,,,22645/27000,22645.0,27000.0,False,,,Activa,,Estado de Obras Sociales &#8211; Agosto (actualizado al 20-08-2026)
917,SANCOR SALUD,SANCOR SALUD,,,28655/28655,28655.0,28655.0,False,Consulta Online $30000,,Activa,,Estado de Obras Sociales &#8211; Agosto (actualizado al 20-08-2026)
995,SANOS SALUD,SANOS SALUD,Según orden,Impreso en orden,19121/23000,19121.0,23000.0,False,Gerencia NATIVUS,"$ 6.000,00",Activa,,Estado de Obras Sociales &#8211; Agosto (actualizado al 20-08-2026)
83,SWISS MEDICAL,SWISS MEDICAL,Ver copago en ordenes validadas,,30000/30000,30000.0,30000.0,False,,,Activa,,Estado de Obras Sociales &#8211; Agosto (actualizado al 20-08-2026)
576,TUNEL,TUNEL,,,27000/27000,27000.0,27000.0,False,,,Activa,,Estado de Obras Sociales &#8211; Agosto (actualizado al 20-08-2026)
212,TV SALUD,O.S TRABAJADORES DE LA TELEVISIÓN,,,27144/27144,27144.0,27144.0,False,,,Activa,,Estado de Obras Sociales &#8211; Agosto (actualizado al 20-08-2026)
613,VISITAR,VISITAR,20000,BC($13500)MC($26000)AC($50500),25612/26280,25612.0,26280.0,False,"Coseg. X complejidad. Se cobra coseguro por mas que la orden diga valor ""0""",,Activa,,Estado de Obras Sociales &#8211; Agosto (actualizado al 20-08-2026)
66,FUERZAS ARMADAS - IOSFA,,,,,,,,,,Sin_Atencion,SIN CONVENIO,Estado de Obras Sociales &#8211; Agosto (actualizado al 20-08-2026)
23,BANCARIOS,,,,,,,,,,Sin_Atencion,SIN CONVENIO,Estado de Obras Sociales &#8211; Agosto (actualizado al 20-08-2026)
191,UNION PERSONAL,,,,,,,,,,Sin_Atencion,SIN CONVENIO - desde 31/07/26,Estado de Obras Sociales &#8211; Agosto (actualizado al 20-08-2026)
72,OSCTCP - UTA,,,,,,,,,,Sin_Atencion,SIN CONVENIO - desde 31/07/26,Estado de Obras Sociales &#8211; Agosto (actualizado al 20-08-2026)
956,BRAMED,,,,,,,,,,Sin_Atencion,FALTA DE PAGO,Estado de Obras Sociales &#8211; Agosto (actualizado al 20-08-2026)
819,GALENO,,,,,,,,,,Sin_Atencion,FALTA DE PAGO,Estado de Obras Sociales &#8211; Agosto (actualizado al 20-08-2026)
935,OSPEDICI,,,,,,,,,,Sin_Atencion,FALTA DE PAGO,Estado de Obras Sociales &#8211; Agosto (actualizado al 20-08-2026)
842,OSPIDA,,,,,,,,,,Sin_Atencion,FALTA DE PAGO,Estado de Obras Sociales &#8211; Agosto (actualizado al 20-08-2026)
885,SCIS,,,,,,,,,,Sin_Atencion,FALTA DE PAGO,Estado de Obras Sociales &#8211; Agosto (actualizado al 20-08-2026)
